Episode 001 | steps=100 | base= -7.00 | shaped= 14.84 | together= 4.0/step (100.0%) | coal_bonus= 0.48 | coop_attackers= 4 | loss=-0.0656 | entropy=2.618 | saved 
Episode 002 | steps=100 | base= -3.20 | shaped= 18.40 | together= 4.0/step (100.0%) | coal_bonus= 0.00 | coop_attackers= 0 | loss=-0.0556 | entropy=2.364 | saved 
Episode 003 | steps=100 | base= -2.70 | shaped= 17.64 | together= 4.0/step (100.0%) | coal_bonus= 0.24 | coop_attackers= 2 | loss=-0.0587 | entropy=2.451 | saved 
Episode 004 | steps=100 | base= -2.60 | shaped= 17.50 | together= 4.0/step (100.0%) | coal_bonus= 0.00 | coop_attackers= 0 | loss=-0.0673 | entropy=2.512 | saved 
Episode 005 | steps=100 | base= -2.30 | shaped= 16.12 | together= 4.0/step (100.0%) | coal_bonus= 0.00 | coop_attackers= 0 | loss=-0.0474 | entropy=2.471 | saved 
Episode 006 | steps=100 | base= -2.00 | shaped= 19.90 | together= 4.0/step (100.0%) | coal_bonus= 0.00 | coop_attackers= 0 | loss=-0.0521 | entropy=2.589 | saved 
Episode 007 | steps=100 | base= -2.90 | shaped= 15.58 | together= 4.0/step (100.0%) | coal_bonus= 0.00 | coop_attackers= 0 | loss=-0.0611 | entropy=2.585 | saved 
Episode 008 | steps=100 | base= -2.30 | shaped= 16.12 | together= 4.0/step (100.0%) | coal_bonus= 0.00 | coop_attackers= 0 | loss=-0.0465 | entropy=2.580 | saved 
Episode 009 | steps=100 | base= -2.40 | shaped= 17.10 | together= 4.0/step (100.0%) | coal_bonus= 0.00 | coop_attackers= 0 | loss=-0.0612 | entropy=2.514 | saved 
Episode 010 | steps=100 | base= -2.20 | shaped= 17.90 | together= 4.0/step (100.0%) | coal_bonus= 0.00 | coop_attackers= 0 | loss=-0.0584 | entropy=2.492 | saved 
Episode 011 | steps=100 | base= -2.20 | shaped= 19.10 | together= 4.0/step (100.0%) | coal_bonus= 0.00 | coop_attackers= 0 | loss=-0.0537 | entropy=2.446 | saved 
Episode 012 | steps=100 | base= -2.20 | shaped= 19.10 | together= 4.0/step (100.0%) | coal_bonus= 0.00 | coop_attackers= 0 | loss=-0.0523 | entropy=2.545 | saved 
Episode 013 | steps=100 | base= -2.30 | shaped= 19.54 | together= 4.0/step (100.0%) | coal_bonus= 0.00 | coop_attackers= 0 | loss=-0.0620 | entropy=2.521 | saved 
Episode 014 | steps=100 | base= -2.30 | shaped= 19.78 | together= 4.0/step (100.0%) | coal_bonus= 0.00 | coop_attackers= 0 | loss=-0.0698 | entropy=2.501 | saved 
Episode 015 | steps=100 | base= -2.10 | shaped= 19.98 | together= 4.0/step (100.0%) | coal_bonus= 0.00 | coop_attackers= 0 | loss=-0.0589 | entropy=2.423 | saved 
Episode 016 | steps=100 | base= -2.10 | shaped= 20.22 | together= 4.0/step (100.0%) | coal_bonus= 0.00 | coop_attackers= 0 | loss=-0.0572 | entropy=2.508 | saved 
Episode 017 | steps=100 | base= -2.60 | shaped= 16.06 | together= 4.0/step (100.0%) | coal_bonus= 0.24 | coop_attackers= 2 | loss=-0.0515 | entropy=2.642 | saved 
Episode 018 | steps=100 | base= -2.40 | shaped= 19.92 | together= 4.0/step (100.0%) | coal_bonus= 0.00 | coop_attackers= 0 | loss=-0.0718 | entropy=2.493 | saved 
Episode 019 | steps=100 | base= -2.20 | shaped= 20.36 | together= 4.0/step (100.0%) | coal_bonus= 0.00 | coop_attackers= 0 | loss=-0.0561 | entropy=2.497 | saved 
Episode 020 | steps=100 | base= -2.20 | shaped= 19.28 | together= 4.0/step (100.0%) | coal_bonus= 0.00 | coop_attackers= 0 | loss=-0.0614 | entropy=2.460 | saved

Episode 001 | steps=100 | base= -3.00 | shaped= 3.24 | together= 3.3/step ( 82.0%) | coal_bonus= 0.00 | coop_attackers= 0 | loss=-0.0526 | entropy=2.664 | saved
Episode 002 | steps=100 | base= -2.40 | shaped= 7.20 | together= 3.7/step ( 92.5%) | coal_bonus= 0.00 | coop_attackers= 0 | loss=-0.0367 | entropy=2.461 | saved
Episode 003 | steps=100 | base= -2.60 | shaped= 4.76 | together= 3.4/step ( 85.5%) | coal_bonus= 0.00 | coop_attackers= 0 | loss=-0.0403 | entropy=2.514 | saved
Episode 004 | steps=100 | base= -2.20 | shaped= 3.56 | together= 3.2/step ( 80.5%) | coal_bonus= 0.00 | coop_attackers= 0 | loss=-0.0338 | entropy=2.387 | saved
Episode 005 | steps=100 | base= -2.50 | shaped= 4.22 | together= 3.3/step ( 83.5%) | coal_bonus= 0.00 | coop_attackers= 0 | loss=-0.0415 | entropy=2.396 | saved
Episode 006 | steps=100 | base= -2.40 | shaped= 3.52 | together= 3.2/step ( 81.0%) | coal_bonus= 0.00 | coop_attackers= 0 | loss=-0.0264 | entropy=2.479 | saved
Episode 007 | steps=100 | base= -2.40 | shaped= 7.52 | together= 3.7/step ( 93.5%) | coal_bonus= 0.00 | coop_attackers= 0 | loss=-0.0346 | entropy=2.345 | saved
Episode 008 | steps=100 | base= -2.20 | shaped= 6.44 | together= 3.6/step ( 89.5%) | coal_bonus= 0.00 | coop_attackers= 0 | loss=-0.0325 | entropy=2.403 | saved
Episode 009 | steps=100 | base= -2.40 | shaped= 7.84 | together= 3.8/step ( 94.5%) | coal_bonus= 0.00 | coop_attackers= 0 | loss=-0.0356 | entropy=2.554 | saved
Episode 010 | steps=100 | base= -2.60 | shaped= 4.84 | together= 3.4/step ( 85.0%) | coal_bonus= 0.24 | coop_attackers= 2 | loss=-0.0401 | entropy=2.583 | saved
Episode 011 | steps=100 | base= -2.50 | shaped= 6.30 | together= 3.6/step ( 90.0%) | coal_bonus= 0.00 | coop_attackers= 0 | loss=-0.0372 | entropy=2.569 | saved
Episode 012 | steps=100 | base= -2.10 | shaped= 7.98 | together= 3.8/step ( 94.0%) | coal_bonus= 0.00 | coop_attackers= 0 | loss=-0.0355 | entropy=2.506 | saved
Episode 013 | steps=100 | base= -2.30 | shaped= 5.70 | together= 3.5/step ( 87.5%) | coal_bonus= 0.00 | coop_attackers= 0 | loss=-0.0529 | entropy=2.436 | saved
Episode 014 | steps=100 | base= -2.00 | shaped= 9.84 | together= 4.0/step ( 99.5%) | coal_bonus= 0.00 | coop_attackers= 0 | loss=-0.0371 | entropy=2.227 | saved
Episode 015 | steps=100 | base= -2.20 | shaped= 8.52 | together= 3.8/step ( 96.0%) | coal_bonus= 0.00 | coop_attackers= 0 | loss=-0.0410 | entropy=2.372 | saved
Episode 016 | steps=100 | base= -2.20 | shaped= 7.24 | together= 3.7/step ( 92.0%) | coal_bonus= 0.00 | coop_attackers= 0 | loss=-0.0372 | entropy=2.439 | saved
Episode 017 | steps=100 | base= -2.30 | shaped= 7.62 | together= 3.7/step ( 93.5%) | coal_bonus= 0.00 | coop_attackers= 0 | loss=-0.0463 | entropy=2.493 | saved
Episode 018 | steps=100 | base= -2.10 | shaped= 9.58 | together= 4.0/step ( 99.0%) | coal_bonus= 0.00 | coop_attackers= 0 | loss=-0.0367 | entropy=2.363 | saved
Episode 019 | steps=100 | base= -2.20 | shaped= 8.84 | together= 3.9/step ( 97.0%) | coal_bonus= 0.00 | coop_attackers= 0 | loss=-0.0356 | entropy=2.394 | saved
Episode 020 | steps=100 | base= -2.40 | shaped= 5.60 | together= 3.5/step ( 87.5%) | coal_bonus= 0.00 | coop_attackers= 0 | loss=-0.0537 | entropy=2.476 | saved



Episode 001 | steps=100 | base= -18.80 | shaped= 7.02 | together= 3.0/step ( 74.5%) | coal_bonus= 25.90 | coop_attackers= 74 | loss=-0.0074 | entropy=3.025 | saved 
Episode 002 | steps=100 | base= -27.00 | shaped= 35.58 | together= 2.7/step ( 68.0%) | coal_bonus= 63.70 | coop_attackers= 182 | loss=0.0664 | entropy=2.198 | saved 
Episode 003 | steps=100 | base= -42.00 | shaped= 102.00 | together= 4.0/step (100.0%) | coal_bonus= 140.00 | coop_attackers= 400 | loss=-0.0291 | entropy=0.427 | saved 
Episode 004 | steps=100 | base= -41.60 | shaped= 99.60 | together= 4.0/step (100.0%) | coal_bonus= 137.20 | coop_attackers= 392 | loss=-0.1252 | entropy=1.339 | saved 
Episode 005 | steps=100 | base= -41.30 | shaped= 97.10 | together= 4.0/step (100.0%) | coal_bonus= 134.40 | coop_attackers= 384 | loss=-0.1114 | entropy=1.368 | saved 
Episode 006 | steps=100 | base= -41.30 | shaped= 97.80 | together= 4.0/step (100.0%) | coal_bonus= 135.10 | coop_attackers= 386 | loss=-0.1048 | entropy=1.468 | saved 
Episode 007 | steps=100 | base= -40.70 | shaped= 94.20 | together= 4.0/step (100.0%) | coal_bonus= 130.90 | coop_attackers= 374 | loss=-0.1388 | entropy=1.702 | saved 
Episode 008 | steps=100 | base= -40.80 | shaped= 92.48 | together= 3.4/step ( 85.5%) | coal_bonus= 131.60 | coop_attackers= 376 | loss=-0.1570 | entropy=1.659 | saved 
Episode 009 | steps=100 | base= -41.80 | shaped= 100.80 | together= 4.0/step (100.0%) | coal_bonus= 138.60 | coop_attackers= 396 | loss=-0.1402 | entropy=1.774 | saved 
Episode 010 | steps=100 | base= -41.60 | shaped= 99.60 | together= 4.0/step (100.0%) | coal_bonus= 137.20 | coop_attackers= 392 | loss=-0.1358 | entropy=1.864 | saved 
Episode 011 | steps=100 | base= -40.60 | shaped= 90.46 | together= 3.0/step ( 76.0%) | coal_bonus= 130.90 | coop_attackers= 374 | loss=-0.1793 | entropy=1.896 | saved 
Episode 012 | steps=100 | base= -41.10 | shaped= 96.60 | together= 4.0/step (100.0%) | coal_bonus= 133.70 | coop_attackers= 382 | loss=-0.2498 | entropy=1.856 | saved 
Episode 013 | steps=100 | base= -40.90 | shaped= 95.40 | together= 4.0/step (100.0%) | coal_bonus= 132.30 | coop_attackers= 378 | loss=-0.2473 | entropy=1.989 | saved 
Episode 014 | steps=100 | base= -41.40 | shaped= 98.40 | together= 4.0/step (100.0%) | coal_bonus= 135.80 | coop_attackers= 388 | loss=-0.1620 | entropy=1.982 | saved 
Episode 015 | steps=100 | base= -41.30 | shaped= 97.80 | together= 4.0/step (100.0%) | coal_bonus= 135.10 | coop_attackers= 386 | loss=-0.1833 | entropy=2.035 | saved 
Episode 016 | steps=100 | base= -41.80 | shaped= 100.80 | together= 4.0/step (100.0%) | coal_bonus= 138.60 | coop_attackers= 396 | loss=-0.1641 | entropy=2.080 | saved 
Episode 017 | steps=100 | base= -41.50 | shaped= 99.00 | together= 4.0/step (100.0%) | coal_bonus= 136.50 | coop_attackers= 390 | loss=-0.2888 | entropy=2.106 | saved 
Episode 018 | steps=100 | base= -41.70 | shaped= 100.20 | together= 4.0/step (100.0%) | coal_bonus= 137.90 | coop_attackers= 394 | loss=-0.1588 | entropy=2.100 | saved 
Episode 019 | steps=100 | base= -41.80 | shaped= 100.80 | together= 4.0/step (100.0%) | coal_bonus= 138.60 | coop_attackers= 396 | loss=-0.1619 | entropy=2.103 | saved 
Episode 020 | steps=100 | base= -41.70 | shaped= 100.20 | together= 4.0/step (100.0%) | coal_bonus= 137.90 | coop_attackers= 394 | loss=-0.1662 | entropy=2.123 | saved



Episode 001 | steps=100 | base=   -2.50 | shaped=    1.06 | together=  3.9/step ( 97.0%) | coal_bonus=   0.00 | coop_attackers=    0 | loss=-0.0301 | entropy=2.362 | saved
Episode 002 | steps=100 | base=   -2.10 | shaped=    0.99 | together=  3.7/step ( 93.5%) | coal_bonus=   0.00 | coop_attackers=    0 | loss=-0.0303 | entropy=2.438 | saved
Episode 003 | steps=100 | base=   -2.20 | shaped=    0.71 | together=  3.7/step ( 92.0%) | coal_bonus=   0.00 | coop_attackers=    0 | loss=-0.0347 | entropy=2.327 | saved
Episode 004 | steps=100 | base=   -2.10 | shaped=    0.31 | together=  3.5/step ( 88.0%) | coal_bonus=   0.00 | coop_attackers=    0 | loss=-0.0246 | entropy=2.399 | saved
Episode 005 | steps=100 | base=   -2.10 | shaped=    1.61 | together=  3.9/step ( 98.0%) | coal_bonus=   0.00 | coop_attackers=    0 | loss=-0.0291 | entropy=2.425 | saved
Episode 006 | steps=100 | base=   -2.40 | shaped=    0.49 | together=  3.6/step ( 90.5%) | coal_bonus=   0.16 | coop_attackers=    2 | loss=-0.0322 | entropy=2.479 | saved
Episode 007 | steps=100 | base=   -2.10 | shaped=    0.84 | together=  3.7/step ( 93.0%) | coal_bonus=   0.00 | coop_attackers=    0 | loss=-0.0245 | entropy=2.547 | saved
Episode 008 | steps=100 | base=   -2.40 | shaped=   -0.13 | together=  3.5/step ( 87.0%) | coal_bonus=   0.00 | coop_attackers=    0 | loss=-0.0338 | entropy=2.537 | saved
Episode 009 | steps=100 | base=   -2.10 | shaped=    1.41 | together=  3.9/step ( 97.0%) | coal_bonus=   0.00 | coop_attackers=    0 | loss=-0.0275 | entropy=2.450 | saved
Episode 010 | steps=100 | base=   -2.10 | shaped=    1.46 | together=  3.9/step ( 97.5%) | coal_bonus=   0.00 | coop_attackers=    0 | loss=-0.0291 | entropy=2.465 | saved
Episode 011 | steps=100 | base=   -2.00 | shaped=    1.18 | together=  3.8/step ( 94.0%) | coal_bonus=   0.00 | coop_attackers=    0 | loss=-0.0235 | entropy=2.452 | saved
Episode 012 | steps=100 | base=   -2.00 | shaped=    1.44 | together=  3.9/step ( 96.5%) | coal_bonus=   0.00 | coop_attackers=    0 | loss=-0.0269 | entropy=2.456 | saved
Episode 013 | steps=100 | base=   -2.20 | shaped=    1.37 | together=  3.9/step ( 97.5%) | coal_bonus=   0.00 | coop_attackers=    0 | loss=-0.0343 | entropy=2.368 | saved
Episode 014 | steps=100 | base=   -2.10 | shaped=    1.45 | together=  3.9/step ( 97.0%) | coal_bonus=   0.00 | coop_attackers=    0 | loss=-0.0266 | entropy=2.426 | saved
Episode 015 | steps=100 | base=   -2.20 | shaped=   -0.49 | together=  3.3/step ( 82.5%) | coal_bonus=   0.00 | coop_attackers=    0 | loss=-0.0321 | entropy=2.517 | saved
Episode 016 | steps=100 | base=   -2.40 | shaped=   -0.22 | together=  3.4/step ( 86.0%) | coal_bonus=   0.00 | coop_attackers=    0 | loss=-0.0343 | entropy=2.466 | saved
Episode 017 | steps=100 | base=   -2.30 | shaped=    0.90 | together=  3.8/step ( 94.0%) | coal_bonus=   0.00 | coop_attackers=    0 | loss=-0.0252 | entropy=2.428 | saved
Episode 018 | steps=100 | base=   -2.40 | shaped=   -0.44 | together=  3.4/step ( 85.0%) | coal_bonus=   0.00 | coop_attackers=    0 | loss=-0.0306 | entropy=2.540 | saved
Episode 019 | steps=100 | base=   -2.10 | shaped=    0.21 | together=  3.5/step ( 88.0%) | coal_bonus=   0.00 | coop_attackers=    0 | loss=-0.0270 | entropy=2.455 | saved
Episode 020 | steps=100 | base=   -2.10 | shaped=    1.34 | together=  3.9/step ( 96.5%) | coal_bonus=   0.00 | coop_attackers=    0 | loss=-0.0261 | entropy=2.495 | saved

Episode 001 | steps=100 | base= -2.30 | shaped= 9.19 | together= 3.9/step ( 98.5%) | coal_bonus= 0.00 | coop_attackers= 0 | loss=-0.0503 | entropy=2.415 | saved 
Episode 002 | steps=100 | base= -2.00 | shaped= 9.61 | together= 4.0/step (100.0%) | coal_bonus= 0.00 | coop_attackers= 0 | loss=-0.0427 | entropy=2.344 | saved 
Episode 003 | steps=100 | base= -2.30 | shaped= 7.89 | together= 3.3/step ( 83.5%) | coal_bonus= 0.20 | coop_attackers= 2 | loss=-0.0368 | entropy=2.486 | saved 
Episode 004 | steps=100 | base= -2.20 | shaped= 8.66 | together= 3.8/step ( 94.0%) | coal_bonus= 0.00 | coop_attackers= 0 | loss=-0.0415 | entropy=2.384 | saved 
Episode 005 | steps=100 | base= -2.20 | shaped= 9.26 | together= 3.9/step ( 97.5%) | coal_bonus= 0.00 | coop_attackers= 0 | loss=-0.0425 | entropy=2.372 | saved 
Episode 006 | steps=100 | base= -2.00 | shaped= 9.19 | together= 3.8/step ( 95.0%) | coal_bonus= 0.00 | coop_attackers= 0 | loss=-0.0393 | entropy=2.435 | saved 
Episode 007 | steps=100 | base= -2.10 | shaped= 8.54 | together= 3.8/step ( 94.0%) | coal_bonus= 0.00 | coop_attackers= 0 | loss=-0.0469 | entropy=2.423 | saved 
Episode 008 | steps=100 | base= -2.00 | shaped= 9.42 | together= 3.8/step ( 95.5%) | coal_bonus= 0.00 | coop_attackers= 0 | loss=-0.0292 | entropy=2.456 | saved 
Episode 009 | steps=100 | base= -2.30 | shaped= 8.42 | together= 3.8/step ( 94.0%) | coal_bonus= 0.00 | coop_attackers= 0 | loss=-0.0428 | entropy=2.476 | saved 
Episode 010 | steps=100 | base= -2.20 | shaped= 9.11 | together= 3.9/step ( 97.5%) | coal_bonus= 0.00 | coop_attackers= 0 | loss=-0.0464 | entropy=2.382 | saved 
Episode 011 | steps=100 | base= -2.10 | shaped= 9.54 | together= 4.0/step ( 99.5%) | coal_bonus= 0.00 | coop_attackers= 0 | loss=-0.0490 | entropy=2.363 | saved 
Episode 012 | steps=100 | base= -2.00 | shaped= 9.28 | together= 3.9/step ( 97.0%) | coal_bonus= 0.00 | coop_attackers= 0 | loss=-0.0356 | entropy=2.343 | saved 
Episode 013 | steps=100 | base= -2.20 | shaped= 8.40 | together= 3.7/step ( 92.0%) | coal_bonus= 0.00 | coop_attackers= 0 | loss=-0.0441 | entropy=2.408 | saved 
Episode 014 | steps=100 | base= -2.00 | shaped= 9.55 | together= 4.0/step (100.0%) | coal_bonus= 0.00 | coop_attackers= 0 | loss=-0.0367 | entropy=2.387 | saved 
Episode 015 | steps=100 | base= -2.10 | shaped= 9.20 | together= 4.0/step ( 99.0%) | coal_bonus= 0.00 | coop_attackers= 0 | loss=-0.0432 | entropy=2.445 | saved 
Episode 016 | steps=100 | base= -2.00 | shaped= 8.28 | together= 3.6/step ( 90.0%) | coal_bonus= 0.00 | coop_attackers= 0 | loss=-0.0377 | entropy=2.473 | saved 
Episode 017 | steps=100 | base= -2.10 | shaped= 9.10 | together= 3.9/step ( 96.5%) | coal_bonus= 0.00 | coop_attackers= 0 | loss=-0.0441 | entropy=2.494 | saved 
Episode 018 | steps=100 | base= -2.00 | shaped= 9.41 | together= 4.0/step ( 99.0%) | coal_bonus= 0.00 | coop_attackers= 0 | loss=-0.0432 | entropy=2.417 | saved 
Episode 019 | steps=100 | base= -2.10 | shaped= 9.14 | together= 3.9/step ( 98.0%) | coal_bonus= 0.00 | coop_attackers= 0 | loss=-0.0493 | entropy=2.401 | saved 
Episode 020 | steps=100 | base= -2.00 | shaped= 9.73 | together= 4.0/step ( 99.5%) | coal_bonus= 0.00 | coop_attackers= 0 | loss=-0.0401 | entropy=2.410 | saved



Episode 001 | steps=100 | base= -2.40 | shaped= -0.67 | together= 3.8/step ( 96.0%) | coal_bonus= 0.00 | coop_attackers= 0 | loss=-0.0293 | entropy=2.545 | saved 
Episode 002 | steps=100 | base= -2.10 | shaped= -1.42 | together= 3.5/step ( 87.0%) | coal_bonus= 0.00 | coop_attackers= 0 | loss=-0.0259 | entropy=2.505 | saved 
Episode 003 | steps=100 | base= -2.10 | shaped= -0.84 | together= 3.7/step ( 93.0%) | coal_bonus= 0.00 | coop_attackers= 0 | loss=-0.0259 | entropy=2.495 | saved 
Episode 004 | steps=100 | base= -2.10 | shaped= -1.05 | together= 3.6/step ( 91.0%) | coal_bonus= 0.00 | coop_attackers= 0 | loss=-0.0262 | entropy=2.463 | saved 
Episode 005 | steps=100 | base= -2.00 | shaped= -0.76 | together= 3.7/step ( 93.0%) | coal_bonus= 0.00 | coop_attackers= 0 | loss=-0.0271 | entropy=2.465 | saved 
Episode 006 | steps=100 | base= -2.40 | shaped= -1.23 | together= 3.6/step ( 90.5%) | coal_bonus= 0.00 | coop_attackers= 0 | loss=-0.0278 | entropy=2.545 | saved 
Episode 007 | steps=100 | base= -2.20 | shaped= -1.38 | together= 3.6/step ( 89.0%) | coal_bonus= 0.00 | coop_attackers= 0 | loss=-0.0292 | entropy=2.466 | saved 
Episode 008 | steps=100 | base= -2.10 | shaped= -0.02 | together= 3.9/step ( 97.5%) | coal_bonus= 0.00 | coop_attackers= 0 | loss=-0.0191 | entropy=2.471 | saved 
Episode 009 | steps=100 | base= -2.30 | shaped= -0.75 | together= 3.8/step ( 95.0%) | coal_bonus= 0.00 | coop_attackers= 0 | loss=-0.0299 | entropy=2.428 | saved 
Episode 010 | steps=100 | base= -1.90 | shaped= -0.63 | together= 3.6/step ( 90.0%) | coal_bonus= 0.00 | coop_attackers= 0 | loss=-0.0217 | entropy=2.520 | saved 
Episode 011 | steps=100 | base= -3.20 | shaped= -2.41 | together= 3.4/step ( 84.5%) | coal_bonus= 0.00 | coop_attackers= 0 | loss=-0.0356 | entropy=2.609 | saved 
Episode 012 | steps=100 | base= -2.10 | shaped= -0.10 | together= 4.0/step (100.0%) | coal_bonus= 0.00 | coop_attackers= 0 | loss=-0.0256 | entropy=2.442 | saved 
Episode 013 | steps=100 | base= -2.40 | shaped= -0.78 | together= 3.8/step ( 95.5%) | coal_bonus= 0.00 | coop_attackers= 0 | loss=-0.0278 | entropy=2.533 | saved 
Episode 014 | steps=100 | base= -2.10 | shaped= -0.45 | together= 3.9/step ( 98.0%) | coal_bonus= 0.00 | coop_attackers= 0 | loss=-0.0278 | entropy=2.485 | saved 
Episode 015 | steps=100 | base= -2.50 | shaped= -0.78 | together= 3.8/step ( 95.5%) | coal_bonus= 0.00 | coop_attackers= 0 | loss=-0.0267 | entropy=2.542 | saved 
Episode 016 | steps=100 | base= -2.40 | shaped= -1.11 | together= 3.7/step ( 93.0%) | coal_bonus= 0.00 | coop_attackers= 0 | loss=-0.0284 | entropy=2.503 | saved 
Episode 017 | steps=100 | base= -2.00 | shaped= -0.67 | together= 3.8/step ( 94.0%) | coal_bonus= 0.00 | coop_attackers= 0 | loss=-0.0270 | entropy=2.407 | saved 
Episode 018 | steps=100 | base= -2.10 | shaped= -0.50 | together= 3.7/step ( 93.5%) | coal_bonus= 0.00 | coop_attackers= 0 | loss=-0.0192 | entropy=2.496 | saved 
Episode 019 | steps=100 | base= -2.40 | shaped= -0.34 | together= 4.0/step ( 99.5%) | coal_bonus= 0.00 | coop_attackers= 0 | loss=-0.0293 | entropy=2.519 | saved 
Episode 020 | steps=100 | base= -2.20 | shaped= -1.90 | together= 3.3/step ( 83.5%) | coal_bonus= 0.00 | coop_attackers= 0 | loss=-0.0285 | entropy=2.499 | saved




Episode 001 | steps=100 | base= -13.00 | shaped= 1.27 | together= 4.0/step (100.0%) | coal_bonus= 3.36 | coop_attackers= 42 | loss=15.9258 | entropy=0.904 | saved 
Episode 002 | steps=100 | base= -2.00 | shaped= -2.00 | together= 4.0/step (100.0%) | coal_bonus= 0.00 | coop_attackers= 0 | loss=0.0043 | entropy=0.000 | saved 
Episode 003 | steps=100 | base= -2.00 | shaped= -2.00 | together= 4.0/step (100.0%) | coal_bonus= 0.00 | coop_attackers= 0 | loss=0.0034 | entropy=0.000 | saved 
Episode 004 | steps=100 | base= -2.00 | shaped= -2.00 | together= 4.0/step (100.0%) | coal_bonus= 0.00 | coop_attackers= 0 | loss=0.0010 | entropy=0.000 | saved 
Episode 005 | steps=100 | base= -2.00 | shaped= -2.00 | together= 4.0/step (100.0%) | coal_bonus= 0.00 | coop_attackers= 0 | loss=0.0005 | entropy=0.000 | saved 
Episode 006 | steps=100 | base= -2.00 | shaped= -2.00 | together= 4.0/step (100.0%) | coal_bonus= 0.00 | coop_attackers= 0 | loss=0.0004 | entropy=0.000 | saved 
Episode 007 | steps=100 | base= -2.00 | shaped= -2.00 | together= 4.0/step (100.0%) | coal_bonus= 0.00 | coop_attackers= 0 | loss=0.0003 | entropy=0.000 | saved 
Episode 008 | steps=100 | base= -2.00 | shaped= -2.00 | together= 4.0/step (100.0%) | coal_bonus= 0.00 | coop_attackers= 0 | loss=0.0003 | entropy=0.000 | saved 
Episode 009 | steps=100 | base= -2.00 | shaped= -2.00 | together= 4.0/step (100.0%) | coal_bonus= 0.00 | coop_attackers= 0 | loss=0.0002 | entropy=0.000 | saved 
Episode 010 | steps=100 | base= -2.00 | shaped= -2.00 | together= 4.0/step (100.0%) | coal_bonus= 0.00 | coop_attackers= 0 | loss=0.0002 | entropy=0.000 | saved 
Episode 011 | steps=100 | base= -2.00 | shaped= -2.00 | together= 4.0/step (100.0%) | coal_bonus= 0.00 | coop_attackers= 0 | loss=0.0002 | entropy=0.000 | saved 
Episode 012 | steps=100 | base= -2.00 | shaped= -2.00 | together= 4.0/step (100.0%) | coal_bonus= 0.00 | coop_attackers= 0 | loss=0.0002 | entropy=0.000 | saved 
Episode 013 | steps=100 | base= -2.00 | shaped= -2.00 | together= 4.0/step (100.0%) | coal_bonus= 0.00 | coop_attackers= 0 | loss=0.0001 | entropy=0.000 | saved 
Episode 014 | steps=100 | base= -2.00 | shaped= -2.00 | together= 4.0/step (100.0%) | coal_bonus= 0.00 | coop_attackers= 0 | loss=0.0001 | entropy=0.000 | saved 
Episode 015 | steps=100 | base= -2.00 | shaped= -2.00 | together= 4.0/step (100.0%) | coal_bonus= 0.00 | coop_attackers= 0 | loss=0.0001 | entropy=0.000 | saved 
Episode 016 | steps=100 | base= -2.00 | shaped= -2.00 | together= 4.0/step (100.0%) | coal_bonus= 0.00 | coop_attackers= 0 | loss=0.0001 | entropy=0.000 | saved 
Episode 017 | steps=100 | base= -2.00 | shaped= -2.00 | together= 4.0/step (100.0%) | coal_bonus= 0.00 | coop_attackers= 0 | loss=0.0002 | entropy=0.000 | saved 
Episode 018 | steps=100 | base= -2.00 | shaped= -2.00 | together= 4.0/step (100.0%) | coal_bonus= 0.00 | coop_attackers= 0 | loss=0.0002 | entropy=0.000 | saved 
Episode 019 | steps=100 | base= -2.00 | shaped= -2.00 | together= 4.0/step (100.0%) | coal_bonus= 0.00 | coop_attackers= 0 | loss=0.0002 | entropy=0.000 | saved 
Episode 020 | steps=100 | base= -2.00 | shaped= -2.00 | together= 4.0/step (100.0%) | coal_bonus= 0.00 | coop_attackers= 0 | loss=0.0001 | entropy=0.000 | saved



Episode 001 | steps=100 | base= -2.00 | shaped= -2.00 | together= 4.0/step (100.0%) | coal_bonus= 0.00 | coop_attackers= 0 | loss=0.0001 | entropy=0.000 | saved 
Episode 002 | steps=100 | base= -2.00 | shaped= -2.00 | together= 4.0/step (100.0%) | coal_bonus= 0.00 | coop_attackers= 0 | loss=0.0001 | entropy=0.000 | saved 
Episode 003 | steps=100 | base= -2.00 | shaped= -2.00 | together= 4.0/step (100.0%) | coal_bonus= 0.00 | coop_attackers= 0 | loss=0.0001 | entropy=0.000 | saved 
Episode 004 | steps=100 | base= -2.00 | shaped= -2.00 | together= 4.0/step (100.0%) | coal_bonus= 0.00 | coop_attackers= 0 | loss=0.0001 | entropy=0.000 | saved 
Episode 005 | steps=100 | base= -2.00 | shaped= -2.00 | together= 4.0/step (100.0%) | coal_bonus= 0.00 | coop_attackers= 0 | loss=0.0001 | entropy=0.000 | saved 
Episode 006 | steps=100 | base= -2.00 | shaped= -2.00 | together= 4.0/step (100.0%) | coal_bonus= 0.00 | coop_attackers= 0 | loss=0.0001 | entropy=0.000 | saved 
Episode 007 | steps=100 | base= -2.00 | shaped= -2.00 | together= 4.0/step (100.0%) | coal_bonus= 0.00 | coop_attackers= 0 | loss=0.0001 | entropy=0.000 | saved 
Episode 008 | steps=100 | base= -2.00 | shaped= -2.00 | together= 4.0/step (100.0%) | coal_bonus= 0.00 | coop_attackers= 0 | loss=0.0001 | entropy=0.000 | saved 
Episode 009 | steps=100 | base= -2.00 | shaped= -2.00 | together= 4.0/step (100.0%) | coal_bonus= 0.00 | coop_attackers= 0 | loss=0.0001 | entropy=0.000 | saved 
Episode 010 | steps=100 | base= -2.00 | shaped= -2.00 | together= 4.0/step (100.0%) | coal_bonus= 0.00 | coop_attackers= 0 | loss=0.0001 | entropy=0.000 | saved 
Episode 011 | steps=100 | base= -2.00 | shaped= -2.00 | together= 4.0/step (100.0%) | coal_bonus= 0.00 | coop_attackers= 0 | loss=0.0001 | entropy=0.000 | saved 
Episode 012 | steps=100 | base= -2.00 | shaped= -2.00 | together= 4.0/step (100.0%) | coal_bonus= 0.00 | coop_attackers= 0 | loss=0.0001 | entropy=0.000 | saved 
Episode 013 | steps=100 | base= -2.00 | shaped= -2.00 | together= 4.0/step (100.0%) | coal_bonus= 0.00 | coop_attackers= 0 | loss=0.0001 | entropy=0.000 | saved 
Episode 014 | steps=100 | base= -2.00 | shaped= -2.00 | together= 4.0/step (100.0%) | coal_bonus= 0.00 | coop_attackers= 0 | loss=0.0001 | entropy=0.000 | saved 
Episode 015 | steps=100 | base= -2.00 | shaped= -2.00 | together= 4.0/step (100.0%) | coal_bonus= 0.00 | coop_attackers= 0 | loss=0.0001 | entropy=0.000 | saved 
Episode 016 | steps=100 | base= -2.00 | shaped= -2.00 | together= 4.0/step (100.0%) | coal_bonus= 0.00 | coop_attackers= 0 | loss=0.0001 | entropy=0.000 | saved 
Episode 017 | steps=100 | base= -2.00 | shaped= -2.00 | together= 4.0/step (100.0%) | coal_bonus= 0.00 | coop_attackers= 0 | loss=0.0001 | entropy=0.000 | saved 
Episode 018 | steps=100 | base= -2.00 | shaped= -2.00 | together= 4.0/step (100.0%) | coal_bonus= 0.00 | coop_attackers= 0 | loss=0.0001 | entropy=0.000 | saved 
Episode 019 | steps=100 | base= -2.00 | shaped= -2.00 | together= 4.0/step (100.0%) | coal_bonus= 0.00 | coop_attackers= 0 | loss=0.0001 | entropy=0.000 | saved 
Episode 020 | steps=100 | base= -2.00 | shaped= -2.00 | together= 4.0/step (100.0%) | coal_bonus= 0.00 | coop_attackers= 0 | loss=0.0001 | entropy=0.000 | saved




Episode 001 | steps=100 | base= -24.10 | shaped= -5.56 | together= 3.0/step ( 75.0%) | coal_bonus= 9.60 | coop_attackers= 120 | loss=-0.0626 | entropy=2.968 | saved 
Episode 002 | steps=100 | base= -20.50 | shaped= -8.94 | together= 3.3/step ( 83.5%) | coal_bonus= 6.08 | coop_attackers= 76 | loss=-0.0743 | entropy=2.994 | saved 
Episode 003 | steps=100 | base= -22.10 | shaped= -12.88 | together= 3.1/step ( 76.5%) | coal_bonus= 5.12 | coop_attackers= 64 | loss=-0.0796 | entropy=2.993 | saved 
Episode 004 | steps=100 | base= -23.30 | shaped= -11.36 | together= 2.7/step ( 68.0%) | coal_bonus= 6.56 | coop_attackers= 82 | loss=-0.0432 | entropy=2.992 | saved 
Episode 005 | steps=100 | base= -22.30 | shaped= -13.02 | together= 2.5/step ( 62.5%) | coal_bonus= 5.60 | coop_attackers= 70 | loss=-0.0380 | entropy=3.003 | saved 
Episode 006 | steps=100 | base= -18.60 | shaped= -13.33 | together= 2.1/step ( 53.5%) | coal_bonus= 2.72 | coop_attackers= 34 | loss=-0.0151 | entropy=3.006 | saved 
Episode 007 | steps=100 | base= -18.90 | shaped= -13.50 | together= 2.0/step ( 49.0%) | coal_bonus= 4.16 | coop_attackers= 52 | loss=-0.0015 | entropy=3.007 | saved 
Episode 008 | steps=100 | base= -18.00 | shaped= -11.71 | together= 3.1/step ( 77.0%) | coal_bonus= 2.88 | coop_attackers= 36 | loss=0.0175 | entropy=3.008 | saved 
Episode 009 | steps=100 | base= -16.10 | shaped= -12.51 | together= 2.8/step ( 71.0%) | coal_bonus= 1.60 | coop_attackers= 20 | loss=0.0197 | entropy=2.997 | saved 
Episode 010 | steps=100 | base= -16.70 | shaped= -8.36 | together= 2.5/step ( 61.5%) | coal_bonus= 4.32 | coop_attackers= 54 | loss=0.0358 | entropy=2.993 | saved 
Episode 011 | steps=100 | base= -15.80 | shaped= -9.93 | together= 2.5/step ( 61.5%) | coal_bonus= 2.88 | coop_attackers= 36 | loss=0.0184 | entropy=2.984 | saved 
Episode 012 | steps=100 | base= -15.80 | shaped= -10.65 | together= 2.1/step ( 53.5%) | coal_bonus= 3.68 | coop_attackers= 46 | loss=0.0070 | entropy=2.984 | saved 
Episode 013 | steps=100 | base= -13.30 | shaped= -6.81 | together= 3.1/step ( 76.5%) | coal_bonus= 2.40 | coop_attackers= 30 | loss=0.0289 | entropy=2.974 | saved 
Episode 014 | steps=100 | base= -15.40 | shaped= -8.18 | together= 3.3/step ( 83.0%) | coal_bonus= 3.04 | coop_attackers= 38 | loss=-0.0036 | entropy=2.966 | saved 
Episode 015 | steps=100 | base= -13.10 | shaped= -7.70 | together= 2.7/step ( 66.5%) | coal_bonus= 3.20 | coop_attackers= 40 | loss=0.0073 | entropy=2.947 | saved 
Episode 016 | steps=100 | base= -11.20 | shaped= -6.16 | together= 3.6/step ( 89.0%) | coal_bonus= 1.28 | coop_attackers= 16 | loss=0.0098 | entropy=2.931 | saved 
Episode 017 | steps=100 | base= -9.20 | shaped= -0.87 | together= 3.7/step ( 92.0%) | coal_bonus= 1.92 | coop_attackers= 24 | loss=0.0198 | entropy=2.937 | saved 
Episode 018 | steps=100 | base= -10.00 | shaped= -9.16 | together= 2.7/step ( 67.5%) | coal_bonus= 0.64 | coop_attackers= 8 | loss=-0.0431 | entropy=2.910 | saved 
Episode 019 | steps=100 | base= -9.20 | shaped= -7.71 | together= 2.5/step ( 62.5%) | coal_bonus= 0.48 | coop_attackers= 6 | loss=-0.0042 | entropy=2.849 | saved 
Episode 020 | steps=100 | base= -6.60 | shaped= -3.67 | together= 2.9/step ( 73.0%) | coal_bonus= 0.48 | coop_attackers= 6 | loss=0.0073 | entropy=2.779 | saved





Episode 021 | steps=100 | base= -8.10 | shaped= -6.12 | together= 3.0/step ( 75.5%) | coal_bonus= 0.80 | coop_attackers= 10 | loss=-0.0759 | entropy=2.784 | saved 
Episode 022 | steps=100 | base= -8.10 | shaped= -9.32 | together= 2.2/step ( 54.5%) | coal_bonus= 0.00 | coop_attackers= 0 | loss=-0.0782 | entropy=2.795 | saved 
Episode 023 | steps=100 | base= -7.50 | shaped= -8.15 | together= 2.0/step ( 49.0%) | coal_bonus= 0.16 | coop_attackers= 2 | loss=-0.0658 | entropy=2.821 | saved 
Episode 024 | steps=100 | base= -5.90 | shaped= -5.74 | together= 2.7/step ( 66.5%) | coal_bonus= 0.16 | coop_attackers= 2 | loss=-0.0634 | entropy=2.820 | saved 
Episode 025 | steps=100 | base= -5.10 | shaped= -2.83 | together= 3.4/step ( 85.5%) | coal_bonus= 0.32 | coop_attackers= 4 | loss=-0.0507 | entropy=2.818 | saved 
Episode 026 | steps=100 | base= -7.20 | shaped= -3.63 | together= 3.7/step ( 93.5%) | coal_bonus= 0.32 | coop_attackers= 4 | loss=-0.0753 | entropy=2.845 | saved 
Episode 027 | steps=100 | base= -6.50 | shaped= -5.58 | together= 2.5/step ( 63.0%) | coal_bonus= 0.64 | coop_attackers= 8 | loss=-0.0766 | entropy=2.858 | saved 
Episode 028 | steps=100 | base= -6.40 | shaped= -6.06 | together= 3.1/step ( 76.5%) | coal_bonus= 0.48 | coop_attackers= 6 | loss=-0.0795 | entropy=2.841 | saved 
Episode 029 | steps=100 | base= -7.80 | shaped= -6.11 | together= 2.8/step ( 69.5%) | coal_bonus= 0.64 | coop_attackers= 8 | loss=-0.0820 | entropy=2.859 | saved 
Episode 030 | steps=100 | base= -7.20 | shaped= -7.25 | together= 2.0/step ( 50.0%) | coal_bonus= 0.80 | coop_attackers= 10 | loss=-0.0753 | entropy=2.847 | saved 
Episode 031 | steps=100 | base= -6.60 | shaped= -4.25 | together= 3.0/step ( 74.5%) | coal_bonus= 0.48 | coop_attackers= 6 | loss=-0.0621 | entropy=2.852 | saved 
Episode 032 | steps=100 | base= -6.90 | shaped= -6.78 | together= 2.6/step ( 65.0%) | coal_bonus= 0.32 | coop_attackers= 4 | loss=-0.0818 | entropy=2.828 | saved 
Episode 033 | steps=100 | base= -5.70 | shaped= -6.30 | together= 2.6/step ( 65.0%) | coal_bonus= 0.16 | coop_attackers= 2 | loss=-0.0807 | entropy=2.810 | saved 
Episode 034 | steps=100 | base= -5.20 | shaped= -1.96 | together= 3.2/step ( 80.0%) | coal_bonus= 0.16 | coop_attackers= 2 | loss=-0.0511 | entropy=2.819 | saved 
Episode 035 | steps=100 | base= -5.90 | shaped= -3.44 | together= 3.0/step ( 74.5%) | coal_bonus= 0.80 | coop_attackers= 10 | loss=-0.0705 | entropy=2.829 | saved 
Episode 036 | steps=100 | base= -6.30 | shaped= -4.65 | together= 3.2/step ( 79.5%) | coal_bonus= 0.48 | coop_attackers= 6 | loss=-0.0782 | entropy=2.831 | saved 
Episode 037 | steps=100 | base= -6.40 | shaped= -5.78 | together= 2.7/step ( 66.5%) | coal_bonus= 0.32 | coop_attackers= 4 | loss=-0.0832 | entropy=2.845 | saved 
Episode 038 | steps=100 | base= -5.90 | shaped= -6.02 | together= 2.2/step ( 55.0%) | coal_bonus= 0.64 | coop_attackers= 8 | loss=-0.0737 | entropy=2.826 | saved 
Episode 039 | steps=100 | base= -6.10 | shaped= -7.35 | together= 2.8/step ( 70.5%) | coal_bonus= 0.00 | coop_attackers= 0 | loss=-0.0899 | entropy=2.803 | saved 
Episode 040 | steps=100 | base= -5.00 | shaped= -3.10 | together= 3.2/step ( 81.0%) | coal_bonus= 0.16 | coop_attackers= 2 | loss=-0.0674 | entropy=2.810 | saved




Episode 041 | steps=100 | base= -6.50 | shaped= -4.89 | together= 3.1/step ( 77.5%) | coal_bonus= 0.16 | coop_attackers= 2 | loss=-0.0795 | entropy=2.861 | saved 
Episode 042 | steps=100 | base= -6.60 | shaped= -6.55 | together= 2.4/step ( 60.0%) | coal_bonus= 0.48 | coop_attackers= 6 | loss=-0.0849 | entropy=2.846 | saved 
Episode 043 | steps=100 | base= -4.60 | shaped= -5.77 | together= 2.2/step ( 55.5%) | coal_bonus= 0.32 | coop_attackers= 4 | loss=-0.0736 | entropy=2.836 | saved 
Episode 044 | steps=100 | base= -6.90 | shaped= -6.51 | together= 3.2/step ( 80.5%) | coal_bonus= 0.32 | coop_attackers= 4 | loss=-0.0923 | entropy=2.817 | saved 
Episode 045 | steps=100 | base= -4.20 | shaped= -5.25 | together= 2.4/step ( 60.5%) | coal_bonus= 0.16 | coop_attackers= 2 | loss=-0.0736 | entropy=2.829 | saved 
Episode 046 | steps=100 | base= -6.40 | shaped= -5.57 | together= 2.9/step ( 71.5%) | coal_bonus= 0.00 | coop_attackers= 0 | loss=-0.0818 | entropy=2.827 | saved 
Episode 047 | steps=100 | base= -5.70 | shaped= -6.08 | together= 2.5/step ( 62.0%) | coal_bonus= 0.00 | coop_attackers= 0 | loss=-0.0796 | entropy=2.817 | saved 
Episode 048 | steps=100 | base= -6.00 | shaped= -6.61 | together= 2.4/step ( 59.5%) | coal_bonus= 0.32 | coop_attackers= 4 | loss=-0.0806 | entropy=2.810 | saved 
Episode 049 | steps=100 | base= -4.80 | shaped= -4.55 | together= 3.1/step ( 78.0%) | coal_bonus= 0.00 | coop_attackers= 0 | loss=-0.0729 | entropy=2.805 | saved 
Episode 050 | steps=100 | base= -5.60 | shaped= -4.68 | together= 3.0/step ( 74.0%) | coal_bonus= 0.32 | coop_attackers= 4 | loss=-0.0772 | entropy=2.830 | saved 
Episode 051 | steps=100 | base= -5.40 | shaped= -4.16 | together= 3.4/step ( 84.5%) | coal_bonus= 0.32 | coop_attackers= 4 | loss=-0.0840 | entropy=2.833 | saved 
Episode 052 | steps=100 | base= -5.20 | shaped= -7.89 | together= 1.8/step ( 45.0%) | coal_bonus= 0.00 | coop_attackers= 0 | loss=-0.0936 | entropy=2.830 | saved 
Episode 053 | steps=100 | base= -5.70 | shaped= -7.90 | together= 2.0/step ( 50.0%) | coal_bonus= 0.00 | coop_attackers= 0 | loss=-0.0802 | entropy=2.816 | saved 
Episode 054 | steps=100 | base= -4.50 | shaped= -6.18 | together= 2.3/step ( 57.0%) | coal_bonus= 0.00 | coop_attackers= 0 | loss=-0.0712 | entropy=2.795 | saved 
Episode 055 | steps=100 | base= -5.00 | shaped= -5.06 | together= 2.9/step ( 71.5%) | coal_bonus= 0.32 | coop_attackers= 4 | loss=-0.0744 | entropy=2.816 | saved 
Episode 056 | steps=100 | base= -6.40 | shaped= -3.10 | together= 3.1/step ( 76.5%) | coal_bonus= 0.48 | coop_attackers= 6 | loss=-0.0630 | entropy=2.839 | saved 
Episode 057 | steps=100 | base= -5.40 | shaped= -4.67 | together= 2.7/step ( 67.5%) | coal_bonus= 0.48 | coop_attackers= 6 | loss=-0.0807 | entropy=2.843 | saved 
Episode 058 | steps=100 | base= -6.70 | shaped= -5.68 | together= 3.1/step ( 77.0%) | coal_bonus= 0.48 | coop_attackers= 6 | loss=-0.0890 | entropy=2.827 | saved 
Episode 059 | steps=100 | base= -5.10 | shaped= -5.27 | together= 2.5/step ( 63.0%) | coal_bonus= 0.16 | coop_attackers= 2 | loss=-0.0768 | entropy=2.818 | saved 
Episode 060 | steps=100 | base= -5.30 | shaped= -6.16 | together= 2.6/step ( 64.0%) | coal_bonus= 0.00 | coop_attackers= 0 | loss=-0.0844 | entropy=2.819 | saved



Episode 061 | steps=100 | base= -4.60 | shaped= -3.84 | together= 2.9/step ( 72.0%) | coal_bonus= 0.64 | coop_attackers= 8 | loss=-0.0428 | entropy=2.831 | saved 
Episode 062 | steps=100 | base= -5.10 | shaped= -5.30 | together= 2.6/step ( 64.5%) | coal_bonus= 0.32 | coop_attackers= 4 | loss=-0.0538 | entropy=2.834 | saved 
Episode 063 | steps=100 | base= -5.00 | shaped= -5.21 | together= 2.5/step ( 63.0%) | coal_bonus= 0.16 | coop_attackers= 2 | loss=-0.0469 | entropy=2.836 | saved 
Episode 064 | steps=100 | base= -5.20 | shaped= -7.54 | together= 2.0/step ( 49.5%) | coal_bonus= 0.16 | coop_attackers= 2 | loss=-0.0566 | entropy=2.796 | saved 
Episode 065 | steps=100 | base= -4.50 | shaped= -4.85 | together= 2.8/step ( 70.5%) | coal_bonus= 0.00 | coop_attackers= 0 | loss=-0.0453 | entropy=2.779 | saved 
Episode 066 | steps=100 | base= -4.70 | shaped= -4.48 | together= 3.0/step ( 75.0%) | coal_bonus= 0.00 | coop_attackers= 0 | loss=-0.0531 | entropy=2.770 | saved 
Episode 067 | steps=100 | base= -3.80 | shaped= -4.22 | together= 3.0/step ( 74.0%) | coal_bonus= 0.00 | coop_attackers= 0 | loss=-0.0446 | entropy=2.747 | saved 
Episode 068 | steps=100 | base= -4.00 | shaped= -4.97 | together= 2.7/step ( 68.0%) | coal_bonus= 0.00 | coop_attackers= 0 | loss=-0.0568 | entropy=2.750 | saved 
Episode 069 | steps=100 | base= -4.60 | shaped= -5.64 | together= 2.4/step ( 61.0%) | coal_bonus= 0.16 | coop_attackers= 2 | loss=-0.0576 | entropy=2.756 | saved 
Episode 070 | steps=100 | base= -4.00 | shaped= -3.25 | together= 3.2/step ( 80.5%) | coal_bonus= 0.00 | coop_attackers= 0 | loss=-0.0468 | entropy=2.738 | saved 
Episode 071 | steps=100 | base= -3.60 | shaped= -7.19 | together= 1.6/step ( 40.0%) | coal_bonus= 0.00 | coop_attackers= 0 | loss=-0.0535 | entropy=2.745 | saved 
Episode 072 | steps=100 | base= -4.00 | shaped= -3.99 | together= 3.1/step ( 77.5%) | coal_bonus= 0.00 | coop_attackers= 0 | loss=-0.0485 | entropy=2.747 | saved 
Episode 073 | steps=100 | base= -3.80 | shaped= -5.03 | together= 2.6/step ( 65.0%) | coal_bonus= 0.00 | coop_attackers= 0 | loss=-0.0544 | entropy=2.748 | saved 
Episode 074 | steps=100 | base= -4.70 | shaped= -3.76 | together= 2.8/step ( 69.0%) | coal_bonus= 0.32 | coop_attackers= 4 | loss=-0.0458 | entropy=2.761 | saved 
Episode 075 | steps=100 | base= -4.00 | shaped= -3.00 | together= 3.4/step ( 85.0%) | coal_bonus= 0.00 | coop_attackers= 0 | loss=-0.0461 | entropy=2.744 | saved 
Episode 076 | steps=100 | base= -4.10 | shaped= -4.49 | together= 3.1/step ( 78.0%) | coal_bonus= 0.00 | coop_attackers= 0 | loss=-0.0597 | entropy=2.712 | saved 
Episode 077 | steps=100 | base= -3.50 | shaped= -3.83 | together= 2.9/step ( 72.5%) | coal_bonus= 0.00 | coop_attackers= 0 | loss=-0.0489 | entropy=2.727 | saved 
Episode 078 | steps=100 | base= -3.70 | shaped= -5.99 | together= 2.2/step ( 56.0%) | coal_bonus= 0.00 | coop_attackers= 0 | loss=-0.0587 | entropy=2.709 | saved 
Episode 079 | steps=100 | base= -3.40 | shaped= -4.38 | together= 2.6/step ( 64.0%) | coal_bonus= 0.00 | coop_attackers= 0 | loss=-0.0440 | entropy=2.713 | saved 
Episode 080 | steps=100 | base= -4.10 | shaped= -4.63 | together= 2.4/step ( 61.0%) | coal_bonus= 0.00 | coop_attackers= 0 | loss=-0.0426 | entropy=2.722 | saved





Episode 081 | steps=100 | base= -3.50 | shaped= -4.28 | together= 2.7/step ( 68.5%) | coal_bonus= 0.00 | coop_attackers= 0 | loss=-0.0559 | entropy=2.696 | saved 
Episode 082 | steps=100 | base= -3.30 | shaped= -3.08 | together= 3.2/step ( 81.0%) | coal_bonus= 0.00 | coop_attackers= 0 | loss=-0.0539 | entropy=2.709 | saved 
Episode 083 | steps=100 | base= -3.80 | shaped= -2.78 | together= 3.6/step ( 89.0%) | coal_bonus= 0.00 | coop_attackers= 0 | loss=-0.0570 | entropy=2.703 | saved 
Episode 084 | steps=100 | base= -3.90 | shaped= -5.36 | together= 2.6/step ( 64.5%) | coal_bonus= 0.00 | coop_attackers= 0 | loss=-0.0606 | entropy=2.683 | saved 
Episode 085 | steps=100 | base= -2.90 | shaped= -3.23 | together= 3.0/step ( 75.5%) | coal_bonus= 0.00 | coop_attackers= 0 | loss=-0.0514 | entropy=2.698 | saved 
Episode 086 | steps=100 | base= -3.30 | shaped= -3.20 | together= 3.2/step ( 80.5%) | coal_bonus= 0.00 | coop_attackers= 0 | loss=-0.0516 | entropy=2.700 | saved 
Episode 087 | steps=100 | base= -2.90 | shaped= -4.72 | together= 2.6/step ( 65.0%) | coal_bonus= 0.00 | coop_attackers= 0 | loss=-0.0585 | entropy=2.707 | saved 
Episode 088 | steps=100 | base= -3.90 | shaped= -4.04 | together= 2.9/step ( 73.5%) | coal_bonus= 0.00 | coop_attackers= 0 | loss=-0.0574 | entropy=2.730 | saved 
Episode 089 | steps=100 | base= -3.70 | shaped= -5.07 | together= 2.7/step ( 68.5%) | coal_bonus= 0.00 | coop_attackers= 0 | loss=-0.0599 | entropy=2.696 | saved 
Episode 090 | steps=100 | base= -3.40 | shaped= -4.39 | together= 2.7/step ( 67.0%) | coal_bonus= 0.00 | coop_attackers= 0 | loss=-0.0517 | entropy=2.693 | saved 
Episode 091 | steps=100 | base= -3.60 | shaped= -3.32 | together= 3.3/step ( 82.5%) | coal_bonus= 0.00 | coop_attackers= 0 | loss=-0.0604 | entropy=2.687 | saved 
Episode 092 | steps=100 | base= -3.90 | shaped= -4.20 | together= 2.9/step ( 73.5%) | coal_bonus= 0.00 | coop_attackers= 0 | loss=-0.0581 | entropy=2.660 | saved 
Episode 093 | steps=100 | base= -2.90 | shaped= -4.70 | together= 2.4/step ( 59.5%) | coal_bonus= 0.00 | coop_attackers= 0 | loss=-0.0549 | entropy=2.667 | saved 
Episode 094 | steps=100 | base= -3.60 | shaped= -3.93 | together= 2.9/step ( 73.5%) | coal_bonus= 0.00 | coop_attackers= 0 | loss=-0.0518 | entropy=2.676 | saved 
Episode 095 | steps=100 | base= -3.10 | shaped= -3.82 | together= 2.8/step ( 69.0%) | coal_bonus= 0.16 | coop_attackers= 2 | loss=-0.0489 | entropy=2.668 | saved 
Episode 096 | steps=100 | base= -2.40 | shaped= -3.93 | together= 2.6/step ( 64.5%) | coal_bonus= 0.00 | coop_attackers= 0 | loss=-0.0512 | entropy=2.691 | saved 
Episode 097 | steps=100 | base= -3.30 | shaped= -3.88 | together= 3.0/step ( 74.5%) | coal_bonus= 0.00 | coop_attackers= 0 | loss=-0.0537 | entropy=2.704 | saved 
Episode 098 | steps=100 | base= -3.10 | shaped= -3.82 | together= 2.8/step ( 71.0%) | coal_bonus= 0.00 | coop_attackers= 0 | loss=-0.0537 | entropy=2.711 | saved 
Episode 099 | steps=100 | base= -3.30 | shaped= -2.56 | together= 3.6/step ( 89.5%) | coal_bonus= 0.00 | coop_attackers= 0 | loss=-0.0570 | entropy=2.714 | saved 
Episode 100 | steps=100 | base= -3.60 | shaped= -4.92 | together= 2.7/step ( 66.5%) | coal_bonus= 0.00 | coop_attackers= 0 | loss=-0.0597 | entropy=2.723 | saved




Episode 081 | steps=100 | base= -3.50 | shaped= -4.28 | together= 2.7/step ( 68.5%) | coal_bonus= 0.00 | coop_attackers= 0 | loss=-0.0559 | entropy=2.696 | saved 
Episode 082 | steps=100 | base= -3.30 | shaped= -3.08 | together= 3.2/step ( 81.0%) | coal_bonus= 0.00 | coop_attackers= 0 | loss=-0.0539 | entropy=2.709 | saved 
Episode 083 | steps=100 | base= -3.80 | shaped= -2.78 | together= 3.6/step ( 89.0%) | coal_bonus= 0.00 | coop_attackers= 0 | loss=-0.0570 | entropy=2.703 | saved 
Episode 084 | steps=100 | base= -3.90 | shaped= -5.36 | together= 2.6/step ( 64.5%) | coal_bonus= 0.00 | coop_attackers= 0 | loss=-0.0606 | entropy=2.683 | saved 
Episode 085 | steps=100 | base= -2.90 | shaped= -3.23 | together= 3.0/step ( 75.5%) | coal_bonus= 0.00 | coop_attackers= 0 | loss=-0.0514 | entropy=2.698 | saved 
Episode 086 | steps=100 | base= -3.30 | shaped= -3.20 | together= 3.2/step ( 80.5%) | coal_bonus= 0.00 | coop_attackers= 0 | loss=-0.0516 | entropy=2.700 | saved 
Episode 087 | steps=100 | base= -2.90 | shaped= -4.72 | together= 2.6/step ( 65.0%) | coal_bonus= 0.00 | coop_attackers= 0 | loss=-0.0585 | entropy=2.707 | saved 
Episode 088 | steps=100 | base= -3.90 | shaped= -4.04 | together= 2.9/step ( 73.5%) | coal_bonus= 0.00 | coop_attackers= 0 | loss=-0.0574 | entropy=2.730 | saved 
Episode 089 | steps=100 | base= -3.70 | shaped= -5.07 | together= 2.7/step ( 68.5%) | coal_bonus= 0.00 | coop_attackers= 0 | loss=-0.0599 | entropy=2.696 | saved 
Episode 090 | steps=100 | base= -3.40 | shaped= -4.39 | together= 2.7/step ( 67.0%) | coal_bonus= 0.00 | coop_attackers= 0 | loss=-0.0517 | entropy=2.693 | saved 
Episode 091 | steps=100 | base= -3.60 | shaped= -3.32 | together= 3.3/step ( 82.5%) | coal_bonus= 0.00 | coop_attackers= 0 | loss=-0.0604 | entropy=2.687 | saved 
Episode 092 | steps=100 | base= -3.90 | shaped= -4.20 | together= 2.9/step ( 73.5%) | coal_bonus= 0.00 | coop_attackers= 0 | loss=-0.0581 | entropy=2.660 | saved 
Episode 093 | steps=100 | base= -2.90 | shaped= -4.70 | together= 2.4/step ( 59.5%) | coal_bonus= 0.00 | coop_attackers= 0 | loss=-0.0549 | entropy=2.667 | saved 
Episode 094 | steps=100 | base= -3.60 | shaped= -3.93 | together= 2.9/step ( 73.5%) | coal_bonus= 0.00 | coop_attackers= 0 | loss=-0.0518 | entropy=2.676 | saved 
Episode 095 | steps=100 | base= -3.10 | shaped= -3.82 | together= 2.8/step ( 69.0%) | coal_bonus= 0.16 | coop_attackers= 2 | loss=-0.0489 | entropy=2.668 | saved 
Episode 096 | steps=100 | base= -2.40 | shaped= -3.93 | together= 2.6/step ( 64.5%) | coal_bonus= 0.00 | coop_attackers= 0 | loss=-0.0512 | entropy=2.691 | saved 
Episode 097 | steps=100 | base= -3.30 | shaped= -3.88 | together= 3.0/step ( 74.5%) | coal_bonus= 0.00 | coop_attackers= 0 | loss=-0.0537 | entropy=2.704 | saved 
Episode 098 | steps=100 | base= -3.10 | shaped= -3.82 | together= 2.8/step ( 71.0%) | coal_bonus= 0.00 | coop_attackers= 0 | loss=-0.0537 | entropy=2.711 | saved 
Episode 099 | steps=100 | base= -3.30 | shaped= -2.56 | together= 3.6/step ( 89.5%) | coal_bonus= 0.00 | coop_attackers= 0 | loss=-0.0570 | entropy=2.714 | saved 
Episode 100 | steps=100 | base= -3.60 | shaped= -4.92 | together= 2.7/step ( 66.5%) | coal_bonus= 0.00 | coop_attackers= 0 | loss=-0.0597 | entropy=2.723 | saved


Episode 101 | steps=100 | base=  -33.00 | shaped=   -5.86 | together= 30.5/step ( 95.3%) | coal_bonus=   6.88 | coop_attackers=   69 | loss=-0.0474 | entropy=2.752 | saved
Episode 102 | steps=100 | base=  -45.50 | shaped=    8.86 | together= 30.4/step ( 95.2%) | coal_bonus=  25.12 | coop_attackers=  200 | loss=-0.0527 | entropy=2.813 | saved
Episode 103 | steps=100 | base=  -59.60 | shaped=   12.89 | together= 30.4/step ( 95.1%) | coal_bonus=  42.08 | coop_attackers=  315 | loss=-0.0544 | entropy=2.896 | saved
Episode 104 | steps=100 | base=  -96.60 | shaped=   36.02 | together= 30.7/step ( 96.0%) | coal_bonus=  92.80 | coop_attackers=  612 | loss=-0.0474 | entropy=2.980 | saved
Episode 105 | steps=100 | base= -103.90 | shaped=   12.12 | together= 30.7/step ( 96.0%) | coal_bonus=  85.92 | coop_attackers=  565 | loss=-0.0690 | entropy=3.008 | saved
Episode 106 | steps=100 | base= -114.50 | shaped=    3.22 | together= 30.9/step ( 96.7%) | coal_bonus=  89.76 | coop_attackers=  589 | loss=-0.0663 | entropy=3.015 | saved
Episode 107 | steps=100 | base= -120.00 | shaped=    1.60 | together= 31.2/step ( 97.5%) | coal_bonus=  92.64 | coop_attackers=  619 | loss=-0.0685 | entropy=3.017 | saved
Episode 108 | steps=100 | base= -111.20 | shaped=    0.37 | together= 30.7/step ( 96.1%) | coal_bonus=  84.48 | coop_attackers=  565 | loss=-0.0579 | entropy=3.006 | saved
Episode 109 | steps=100 | base= -119.50 | shaped=   24.22 | together= 30.5/step ( 95.3%) | coal_bonus= 107.52 | coop_attackers=  707 | loss=-0.0488 | entropy=3.019 | saved
Episode 110 | steps=100 | base= -121.20 | shaped=   18.49 | together= 31.1/step ( 97.3%) | coal_bonus= 104.64 | coop_attackers=  684 | loss=-0.0578 | entropy=3.021 | saved
Episode 111 | steps=100 | base= -133.80 | shaped=   38.06 | together= 30.6/step ( 95.8%) | coal_bonus= 130.72 | coop_attackers=  836 | loss=-0.0441 | entropy=3.025 | saved
Episode 112 | steps=100 | base= -139.90 | shaped=   75.31 | together= 31.2/step ( 97.5%) | coal_bonus= 157.60 | coop_attackers=  996 | loss=-0.0184 | entropy=3.023 | saved
Episode 113 | steps=100 | base= -150.40 | shaped=   51.85 | together= 30.9/step ( 96.5%) | coal_bonus= 151.84 | coop_attackers=  966 | loss=-0.0449 | entropy=3.020 | saved
Episode 114 | steps=100 | base= -140.10 | shaped=  -13.65 | together= 30.7/step ( 95.9%) | coal_bonus= 102.24 | coop_attackers=  675 | loss=-0.0979 | entropy=3.027 | saved
Episode 115 | steps=100 | base= -144.70 | shaped=   58.12 | together= 30.5/step ( 95.3%) | coal_bonus= 151.84 | coop_attackers=  966 | loss=-0.0315 | entropy=3.023 | saved
Episode 116 | steps=100 | base= -136.70 | shaped=   12.36 | together= 31.0/step ( 97.0%) | coal_bonus= 114.72 | coop_attackers=  741 | loss=-0.0706 | entropy=3.025 | saved
Episode 117 | steps=100 | base= -127.10 | shaped=   -3.24 | together= 31.6/step ( 98.8%) | coal_bonus=  94.88 | coop_attackers=  625 | loss=-0.0736 | entropy=3.021 | saved
Episode 118 | steps=100 | base= -134.00 | shaped=   69.65 | together= 31.6/step ( 98.9%) | coal_bonus= 145.92 | coop_attackers=  930 | loss=-0.0172 | entropy=3.018 | saved
Episode 119 | steps=100 | base= -147.40 | shaped=   69.44 | together= 30.9/step ( 96.4%) | coal_bonus= 161.28 | coop_attackers= 1020 | loss=-0.0269 | entropy=3.018 | saved
Episode 120 | steps=100 | base= -144.40 | shaped=   60.95 | together= 31.7/step ( 98.9%) | coal_bonus= 151.52 | coop_attackers=  958 | loss=-0.0398 | entropy=3.015 | saved


Episode 101 | steps=100 | base= -113.50 | shaped=    4.65 | together= 31.6/step ( 98.9%) | coal_bonus=  85.76 | coop_attackers=  559 | loss=-0.0687 | entropy=3.007 | saved
Episode 102 | steps=100 | base= -146.40 | shaped=   91.99 | together= 31.3/step ( 97.9%) | coal_bonus= 175.04 | coop_attackers= 1099 | loss=-0.0162 | entropy=3.009 | saved
Episode 103 | steps=100 | base= -141.60 | shaped=   61.60 | together= 31.4/step ( 98.2%) | coal_bonus= 151.04 | coop_attackers=  960 | loss=-0.0484 | entropy=3.009 | saved
Episode 104 | steps=100 | base= -147.10 | shaped=  102.09 | together= 31.4/step ( 98.0%) | coal_bonus= 179.36 | coop_attackers= 1130 | loss=-0.0260 | entropy=2.998 | saved
Episode 105 | steps=100 | base= -145.10 | shaped=   35.64 | together= 31.8/step ( 99.5%) | coal_bonus= 137.28 | coop_attackers=  879 | loss=-0.0887 | entropy=2.990 | saved
Episode 106 | steps=100 | base= -130.01 | shaped=  155.26 | together= 31.6/step ( 99.1%) | coal_bonus= 193.44 | coop_attackers= 1224 | loss=-0.0059 | entropy=2.969 | saved
Episode 107 | steps=100 | base= -157.80 | shaped=  108.87 | together= 31.6/step ( 98.7%) | coal_bonus= 193.76 | coop_attackers= 1220 | loss=-0.0740 | entropy=2.953 | saved
Episode 108 | steps=100 | base= -159.20 | shaped=  137.34 | together= 31.6/step ( 98.8%) | coal_bonus= 208.32 | coop_attackers= 1309 | loss=-0.0650 | entropy=2.926 | saved
Episode 109 | steps=100 | base= -153.92 | shaped=  202.57 | together= 30.5/step ( 98.7%) | coal_bonus= 248.64 | coop_attackers= 1562 | loss=-0.0752 | entropy=2.844 | saved
Episode 110 | steps=100 | base= -173.04 | shaped=  189.89 | together= 31.1/step ( 99.3%) | coal_bonus= 255.68 | coop_attackers= 1601 | loss=-0.1258 | entropy=2.735 | saved
Episode 111 | steps=100 | base= -158.23 | shaped=  249.79 | together= 30.1/step ( 99.7%) | coal_bonus= 283.84 | coop_attackers= 1779 | loss=-0.1259 | entropy=2.589 | saved
Episode 112 | steps=100 | base= -184.00 | shaped=  229.24 | together= 31.0/step ( 99.5%) | coal_bonus= 295.04 | coop_attackers= 1850 | loss=-0.1561 | entropy=2.495 | saved
Episode 113 | steps=100 | base= -182.71 | shaped=  220.95 | together= 30.8/step ( 99.8%) | coal_bonus= 284.80 | coop_attackers= 1786 | loss=-0.1717 | entropy=2.481 | saved
Episode 114 | steps=100 | base= -145.97 | shaped=  287.42 | together= 29.6/step ( 99.6%) | coal_bonus= 300.48 | coop_attackers= 1881 | loss=-0.1840 | entropy=2.393 | saved
Episode 115 | steps=100 | base= -125.45 | shaped=  286.81 | together= 26.9/step ( 98.4%) | coal_bonus= 285.12 | coop_attackers= 1784 | loss=-0.1682 | entropy=2.307 | saved
Episode 116 | steps=100 | base= -113.47 | shaped=  291.33 | together= 26.4/step (100.0%) | coal_bonus= 275.84 | coop_attackers= 1729 | loss=-0.1835 | entropy=2.238 | saved
Episode 117 | steps=100 | base=  -88.36 | shaped=  288.10 | together= 24.9/step ( 99.3%) | coal_bonus= 256.80 | coop_attackers= 1608 | loss=-0.1929 | entropy=2.259 | saved
Episode 118 | steps=100 | base=  -91.35 | shaped=  336.28 | together= 25.4/step (100.0%) | coal_bonus= 286.40 | coop_attackers= 1792 | loss=-0.1813 | entropy=2.217 | saved
Episode 119 | steps=100 | base=  -53.45 | shaped=  328.48 | together= 23.2/step ( 99.4%) | coal_bonus= 252.00 | coop_attackers= 1579 | loss=-0.2224 | entropy=2.222 | saved
Episode 120 | steps=100 | base=  -39.24 | shaped=  362.61 | together= 22.1/step (100.0%) | coal_bonus= 260.16 | coop_attackers= 1628 | loss=-0.2223 | entropy=2.143 | saved



Episode 121 | steps=100 | base=   -5.00 | shaped=  348.33 | together= 19.7/step (100.0%) | coal_bonus= 224.48 | coop_attackers= 1414 | loss=-0.2670 | entropy=2.132 | saved
Episode 122 | steps=100 | base=  -25.71 | shaped=  337.33 | together= 20.6/step ( 98.8%) | coal_bonus= 234.24 | coop_attackers= 1472 | loss=-0.2688 | entropy=2.104 | saved
Episode 123 | steps=100 | base=  -31.85 | shaped=  336.99 | together= 20.3/step ( 99.1%) | coal_bonus= 240.64 | coop_attackers= 1511 | loss=-0.2625 | entropy=2.137 | saved
Episode 124 | steps=100 | base=  -50.08 | shaped=  319.60 | together= 20.9/step ( 99.9%) | coal_bonus= 243.04 | coop_attackers= 1525 | loss=-0.2264 | entropy=2.150 | saved
Episode 125 | steps=100 | base=  -45.52 | shaped=  360.87 | together= 21.7/step ( 99.1%) | coal_bonus= 267.52 | coop_attackers= 1674 | loss=-0.1972 | entropy=2.077 | saved
Episode 126 | steps=100 | base=  -14.84 | shaped=  363.68 | together= 20.6/step (100.0%) | coal_bonus= 242.56 | coop_attackers= 1523 | loss=-0.3020 | entropy=2.091 | saved
Episode 127 | steps=100 | base=  -45.36 | shaped=  348.83 | together= 21.8/step ( 98.7%) | coal_bonus= 256.64 | coop_attackers= 1611 | loss=-0.2561 | entropy=2.107 | saved
Episode 128 | steps=100 | base=  -20.21 | shaped=  337.14 | together= 19.8/step ( 98.5%) | coal_bonus= 233.28 | coop_attackers= 1459 | loss=-0.2535 | entropy=2.104 | saved
Episode 129 | steps=100 | base=  -45.08 | shaped=  353.01 | together= 21.2/step ( 98.5%) | coal_bonus= 260.80 | coop_attackers= 1633 | loss=-0.2177 | entropy=2.032 | saved
Episode 130 | steps=100 | base=   10.79 | shaped=  345.27 | together= 18.1/step ( 99.8%) | coal_bonus= 208.16 | coop_attackers= 1309 | loss=-0.2810 | entropy=2.093 | saved
Episode 131 | steps=100 | base=  -26.31 | shaped=  351.23 | together= 20.0/step (100.0%) | coal_bonus= 242.88 | coop_attackers= 1521 | loss=-0.2095 | entropy=2.052 | saved
Episode 132 | steps=100 | base=  -47.74 | shaped=  321.41 | together= 20.9/step (100.0%) | coal_bonus= 243.84 | coop_attackers= 1526 | loss=-0.2248 | entropy=2.168 | saved
Episode 133 | steps=100 | base=  -75.66 | shaped=  306.15 | together= 22.6/step (100.0%) | coal_bonus= 256.16 | coop_attackers= 1604 | loss=-0.2023 | entropy=2.200 | saved
Episode 134 | steps=100 | base=  -24.84 | shaped=  351.08 | together= 20.4/step ( 97.4%) | coal_bonus= 242.24 | coop_attackers= 1530 | loss=-0.1989 | entropy=2.251 | saved
Episode 135 | steps=100 | base=  -51.41 | shaped=  367.35 | together= 23.4/step ( 99.9%) | coal_bonus= 274.56 | coop_attackers= 1718 | loss=-0.2425 | entropy=2.229 | saved
Episode 136 | steps=100 | base=  -46.07 | shaped=  335.20 | together= 20.9/step ( 99.0%) | coal_bonus= 249.76 | coop_attackers= 1568 | loss=-0.2436 | entropy=2.200 | saved
Episode 137 | steps=100 | base=  -77.10 | shaped=  367.74 | together= 24.5/step ( 99.8%) | coal_bonus= 297.60 | coop_attackers= 1863 | loss=-0.2191 | entropy=2.198 | saved
Episode 138 | steps=100 | base=  -17.20 | shaped=  348.40 | together= 20.1/step (100.0%) | coal_bonus= 236.16 | coop_attackers= 1478 | loss=-0.2663 | entropy=2.201 | saved
Episode 139 | steps=100 | base=  -37.52 | shaped=  359.91 | together= 21.1/step ( 99.2%) | coal_bonus= 260.00 | coop_attackers= 1631 | loss=-0.2371 | entropy=2.146 | saved
Episode 140 | steps=100 | base=  -24.32 | shaped=  334.85 | together= 19.8/step ( 97.5%) | coal_bonus= 232.64 | coop_attackers= 1470 | loss=-0.3065 | entropy=2.167 | saved